,bm25,ml,pct
Train,0.7437179509613672,0.887111878484113,19.28068662822884
Val,0.7290392831326082,0.8353879171828119,14.58750392615804
Test,0.7283300349849788,0.8154759196358781,11.965164206457109
